{"cameraMode":{"drawMode":0,"name":"Shaded","section":"Shading Mode"},"sceneLighting":true,"audioPlay":false,"sceneViewState":{"m_AlwaysRefresh":false,"showFog":true,"showSkybox":true,"showFlares":true,"showImageEffects":true,"showParticleSystems":true,"showVisualEffectGraphs":true,"m_FxEnabled":true},"in2DMode":false,"pivot":{"x":16.966670989990236,"y":4.8766984939575199,"z":5.825490474700928},"rotation":{"x":0.01142034586519003,"y":-0.9559427499771118,"z":0.03760547935962677,"w":0.29098910093307497},"size":7.12123966217041,"orthographic":false}