{"cameraMode":{"drawMode":0,"name":"Shaded","section":"Shading Mode"},"sceneLighting":true,"audioPlay":false,"sceneViewState":{"m_AlwaysRefresh":false,"showFog":true,"showSkybox":true,"showFlares":true,"showImageEffects":true,"showParticleSystems":true,"showVisualEffectGraphs":true,"m_FxEnabled":true},"in2DMode":false,"pivot":{"x":-16.68946647644043,"y":-0.036136072129011157,"z":-3.365084409713745},"rotation":{"x":0.03712780401110649,"y":-0.7439332008361816,"z":0.04163377359509468,"w":0.6659861207008362},"size":15.89522647857666,"orthographic":false}