{"cameraMode":{"drawMode":0,"name":"Shaded","section":"Shading Mode"},"sceneLighting":true,"audioPlay":false,"sceneViewState":{"m_AlwaysRefresh":false,"showFog":true,"showSkybox":true,"showFlares":true,"showImageEffects":true,"showParticleSystems":true,"showVisualEffectGraphs":true,"m_FxEnabled":true},"in2DMode":false,"pivot":{"x":13.864033699035645,"y":3.428337574005127,"z":-1.1715662479400635},"rotation":{"x":-0.049784060567617419,"y":-0.9377776384353638,"z":0.1506311446428299,"w":-0.3090249300003052},"size":0.8315455913543701,"orthographic":false}